{
	"skin-name": "nmfskin",
	"preview-bg": "#eeeeee",
	"text": "#333333",
	"text-inverse": "#ffffff",
	"text-disabled": "#aaaaaa",
	"has-gradients": false,
	"has-radius": false,
	"has-boxshadow": false,
	"btn-text": "#444444",
	"btn-text-shadow": "#eeeeee",
	"btn-bg": "#eeeeee",
	"btn-bg-hlight": "#eeeeee",
	"btn-border-top": "rgba(0,0,0,0.0)",
	"btn-border-right": "rgba(0,0,0,0.0)",
	"btn-border-bottom": "rgba(0,0,0,0.0)",
	"btn-border-left": "rgba(0,0,0,0.0)",
	"btn-split-border": "#bdbdbd",
	"btn-primary-text": "#ffffff",
	"btn-primary-text-shadow": "#333333",
	"btn-primary-bg": "#0088cc",
	"btn-primary-bg-hlight": "#ffffff",
	"menu-bg": "#ffffff",
	"menu-border": "rgba(0,0,0,0.2)",
	"menuitem-text": "#333333",
	"menuitem-bg-selected": "#aaaaaa",
	"menuitem-bg-selected-hlight": "#aaaaaa",
	"menuitem-separator-top": "#cbcbcb",
	"menuitem-separator-bottom": "#ffffff",
	"menuitem-text-inverse": "#ffffff",
	"menuitem-bg-active": "#cccccc",
	"menuitem-text-active": "#333333",
	"menuitem-preview-border-active": "#aaaaaa",
	"checkbox-border": "#c5c5c5",
	"checkbox-border-focus": "#727272",
	"panel-border": "#eeeeee",
	"panel-bg": "#eeeeee",
	"panel-bg-hlight": "#dddddd",
	"textbox-bg": "#ffffff",
	"textbox-border": "#dddddd",
	"textbox-border-focus": "#dddddd",
	"window-bg": "#ffffff",
	"window-border": "#eeeeee",
	"tab-bg": "#dddddd",
	"tab-bg-hover": "#eeeeee",
	"tab-bg-active": "#eeeeee",
	"tab-border": "#cccccc",
	"colorbtn-backcolor-bg": "#bbbbbb",
	"grid-border": "#d6d6d6",
	"grid-border-active": "#a1a1a1"
}